RACE,WEAPON,ELEMENT,ANIMAL,SPECIAL BODY PART,COLORS,OCCUPATION,SETTING,MISC,POS PERSONALITY,NUE PERSONALITY,NEG PERSONALITY,TROPE,LIKES / DISLIKES
AARAKOCRA,ARROW,AETHER,AARDWOLF,3RD EYE,BLACK,,A VILLA,ANCIENTS,ACCESSIBLE,ABSENTMINDED,ABRASIVE,ABSENT FATHER,ABANDONED BUILDINGS
AASIMAR,AXE,AIR,ALLIGATOR,ANKLE,WHITE,CONDUCTOR,ABATTOIR (SLAUGHTERHOUSE),BEAD,ACTIVE,AGGRESSIVE,ABRUPT,ABSENT-MINDED PROFESSOR,ACCESSORIES
ALIEN,BATTLEAXE,CLOUD,ANT,ARM,CYAN,,ABBEY,BELLS,ADAPTABLE,AMBITIOUS,AGONIZING,ACE PILOT,ACTING
ANCIENT ROBOT,BLADE,DARK,ARCTIC WOLF,BACK,BLUE,ABECEDARIAN,"ACADEMY (+ ALCHEMIST, ARCANE, ARTIFICER’S, BARDS, HEALERS, MAGES, MILITARY, NAVAL, ROYAL, SCIENCE)",BOOK,ADMIRABLE,AMUSING,AIMLESS,ACTION HERO,ADVENTURES
ANDROID,BLOWGUN,DEATH,AXOLOTLS,BLOOD,MAGENTA,LEGAL SECRETARY,AN OASIS,BOOTS,ADVENTUROUS,ARTFUL,AIRY,ADDICT,AFFECTION
ANGEL,BŌ (STAFF),EARTH,BADGER,BONE,RED,GENEALOGIST,AQUARIUM,BUBBLES,AGREEABLE,ASCETIC,ALOOF,AMBITIOUS QUEEN,ALCHEMY
BANSHEE,BOLO,ELECTRICITY,BALD EAGLE,CHEST,YELLOW,GRAVE ROBBER/TOMB RAIDER,AQUEDUCT,CACTUS,ALERT,AUTHORITARIAN,AMORAL,ANGRY CHEF,ALCOHOL
BEAST,BOMBS,ENERGY,BASILISK,EAR,GREEN,INTERPRETER,ARCADE,CANDLES,ALLOCENTRIC,BIG-THINKING,ANGRY,ANNOYING NEIGHBOR,ANIMALS
BEHEMOTH,BOOMERANG,FIRE,BAT,ELBOW,UNOFFICIAL PURES,TOYMAKER,ARCHIVES,CARDS,ATTRACTIVE,CHUMMY,ASOCIAL,ANTI-HERO,ANTHROPOLOGY
BOKOBLIN,BOW,GHOST,BEAR,EYE,GOLD,PIRATE,ARCHWAY,CASTLE,BALANCED,CIRCUMSPECT,ASSERTIVE,AUTHORITY FIGURE,ANTIQUES
BUGBEAR,BOW AND ARROW,GRAVITY,BEE,EYESIGHT,ELECTRIC YELLOW,COMPUTER ENGINEER,"ARENA (+ GLADIATORIAL, MUSIC, PERFORMANCE, RACING, SPORTS)",CLOUDS,BENEVOLENT,COMPETITIVE,ASTIGMATIC,BACKSTABBING FRIEND,AQUARIUMS
BULBLIN,CHAIN,HEAL,BEETLE,FINGER,ORANGE,SOLICITOR,ARMY BASE,COMET,BRILLIANT,COMPLEX,BARBARIC,BAD BOY,ARCHERY
BULLYWUG,CLUB,ICE,BLACK BIRD,FOOT,DARK ORANGE,BURGLAR,ART GALLERY,CORAL,CALM,CONFIDENTIAL,BEWILDERED,BAD FRIEND,ARCHITECTURE
CENTAAR (HALF HORSE - HALF ELF),CROSSBOW,LAVA,BLUE GLAUCUS,FOREARM,NEON ORANGE,BARBER,ART MUSEUM,CRYSTAL,CAPABLE,CONSERVATIVE,BOISTEROUS,BARD,ARROGANCE
CENTAUR,DAGGER,LIGHT,BLUE WHALE,FOREHEAD,RED ORANGE,PRIEST,ASYLUM,DUST,CAPTIVATING,CONTRADICTORY,BIZARRE,BEATNIK,ART
CHANGELING,DART,LIGHTNING,BUTTERFLY,HAIR,CRIMSON,LOCK KEEPER,AUCTION HOUSE,FEATHER,CARING,CRISP,BLAND,BELIEVER,ASTROLOGY
CHIMERA,FIST,MAGIC,CAMEL,HAND,NEON RED,CARTWRIGHT,AUDITORIUM,GALAXY,CHALLENGING,CUTE,BLUNT,BENEVOLENT RULER,ASTRONOMY
COBBLE,FLAIL,METAL,CAT,HORNS,MAROON,ANIMAL BREEDER,AVIARY,GAMBLING,CHARISMATIC,DECEPTIVE,BRITTLE,BESTERMAN,BAGS
COCKATRICE,GIANT GAUNTLET,MOON,CENTIPEDE,KNEE,DARK RED,DIVINER,BAKERY,GLITCH,CHARMING,DETERMINED,BRUTAL,BITTER WAR VETERAN,BAKING/COOKING
CYCLOPS,GLAIVE,NATURE,CERBERUS,LEG,BURGUNDY,HERETIC,BALCONY,HALO,CHEERFUL,DOMINATING,CALCULATING,BLACK KNIGHT,BAMBOO
DEKU,GREATAXE,PAPER,CHICKEN,MOUTH,AUBURN,TOWN CRIER,BAR,ILLUSION,CLEAN,DREAMY,CALLOUS,BLIND SEER,BEACHES
DEMIGOD,GREATCLUB,SALT,CHIMERA,NAILS,HOT PINK,CAPTAIN,BARN,LAVA,CLEAR-HEADED,DRIVING,CANTANKEROUS,BOSS,BEEKEEPING
DEMON,GREATSWORD,SAND,CHIMPANZEE,NAVEL,PINK,LECTURER,BARRACKS,LUCK,CLEVER,DROLL,CARELESS,BOY NEXT DOOR,BEER
DEVIL,GUN,SEA,CLAMS,NECK,ALT PINK,ENGRAVER,"BASEMENT, CELLAR",MAGIC,COLORFUL,DRY,CAUTIOUS,BRAGGART,BEES AND BEEKEEPING
DHAMPIR,HALBERD,SHADOW,CORAL,NOSE,BRIGHT PINK,KING/QUEEN,BATHHOUSE,MAGIC BANDAGES,COMPANIONLY,EARTHY,CHARMLESS,BRAINS AND BRAWN,BELLS
DOPPELGANGER,HAMMER,SKY,CORMORANT,SHOULDER,SALMON,,BATTLE GROUND,MAGIC CLOAK,COMPASSIONATE,EFFEMINATE,CHILDISH,BULLY,BICYCLING
DRACONIAN,HANDAXE,SMOKE,COW,SKIN,CORAL,HOROLOGIST,BAZAAR,MASK,CONCILIATORY,EMOTIONAL,CLUMSY,BUMBLING SIDEKICK,BIRD WATCHING
DRAGON,HARPOON,SNOW,COYOTE,TAIL,PURPLE,PHOTOGRAPHER,BEACH,MAZE,CONFIDENT,ENIGMATIC,COARSE,BUREAUCRAT,BIRTHDAYS
DRAGONBORN,JAVELIN,SOUL,CRAB,TEETH,NEON PURPLE,COLLECTOR,BEHIND A WATERFALL,MIRAGE,CONSCIENTIOUS,EXPERIMENTAL,COLD,BYRONIC HERO,BLACK COFFEE
DRUID,KNIFE,SOUND,CROCODILE,THIGH,VIOLET,INNKEEPER,BISTRO,MIRROR,CONSIDERATE,FAMILIAL,COLORLESS,CAREER CRIMINAL,BLANKET FORTS
DRYAD,KUNAI ,SPACE ,CROW,THUMB,LAVENDER BLUSH,COOPER/HOOPER,"BLACK MARKET, UNDERGROUND MARKET",MONEY,CONSTANT,FOLKSY,COMPLACENT,CARETAKER,BODY MODIFICATION
DWARF,KUSARIGAMA,STAR,DEER,TOE,BLUE VIOLET,CATERING STAFF,BLUE LAGOON,MOON,CONTEMPLATIVE,FORMAL,COMPLAINTIVE,CAT LADY,BONFIRES
ELDER,LANCE,STEAM,DOG,TONGUE,NAVY,MERCHANT NAVY PERSONNEL,"BOARD (+ MESSAGE, QUEST)",MOSS,COOPERATIVE,FREEWHEELING,COMPULSIVE,CATALYST,BOOKS
ELF,LONGBOW,TIME,DOLPHIN,VOICE,DARK BLUE,SCAVENGER/MUDLARK/TOSHER,BOUTIQUE,MUSHROOM,COURAGEOUS,FRUGAL,CONCEITED,CHILD SAVIOUR,BOWLING
FAIRY,LONGSWORD,VOID,DOVE,WRIST,NEON BLUE,WAITING STAFF,BREWERY,NECROMANCY,COURTEOUS,GLAMOROUS,CONDEMNATORY,CHILDHOOD FRIEND,BRIGHT LIGHTS
FAUN,MACE,WATER,DRAGONFLY,,CAPRI,INSURANCE CONSULTANT,"BRIDGE (COVERED BRIDGE, DRAW BRIDGE, ROPE BRIDGE, SKY BRIDGE)",NEEDLE,CREATIVE,GUILELESS,CONFORMIST,CHOOSER OF THE CHOSEN ONE,BUGS
FIEND,MAUL,WEATHER,DUCKS,,SKY BLUE,UNEMPLOYED,BROADWAY,NOSE BLEED,CULTURED,HIGH-SPIRITED,CONFUSED,CHOSEN ONE,BURNING FOOD
FIRBOLG,MORNINGSTAR,WIND,ELEPHANT,,AZURE,MASSAGE THERAPIST,BROTHEL,OCEAN,CURIOUS,HURIED,CONTEMPTIBLE,CHUUNIBYOU,BUTTERFLIES
GENASI,NET,WOOD,ELK,,ROBIN EGG BLUE,CARE ASSISTANT,BUNGALOW,ORIGAMI,DARING,HYPNOTIC,CONVENTIONAL,CINDERELLA TYPE,CAKE
GERUDO,PIKE,,FISH,,AQUAMARINE,DESIGNER,BURIAL MOUND,PANDORA'S BOX,DEBONAIR,ICONOCLASTIC,COWARDLY,CLASS CLOWN,CALLIGRAPHY & TYPOGRAPHY
GHOST,QUARTERSTAFF,,FLAMINGO,,TURQUOISE,HERBALIST,CABIN,PAPER,DECENT,IDIOSYNCRATIC,CRAFTY,COMIC RELIEF,CALM
GHOUL,RAPIER,,FOX,,TEAL,CHATELAINE/MAJORDOMO,"CACHE (+ PIRATES, REBEL, SMUGGLERS, THIEVES)",PARAGON,DECISIVE,IMPASSIVE,CRASS,COMPETENT MAN,CAMPING
GIANT,REVOLVER,,FROG,,EMERALD,THEOLOGIAN,CAER / CAIR (STRONGHOLD),PETRIFICATION,DEDICATED,IMPERSONAL,CRAZY,COMPLICATED PAST,CANDLES AND CANDLE-MAKING
GITH,RIFLE,,GIRAFFE,,DARK GREEN,SLAVE DRIVER,CAFE,PHOBIA,DEEP,IMPRESSIONABLE,CRIMINAL,CON ARTIST,CANDY
GNOLL,SCIMITAR,,GOAT,,NEON GREEN,SERGEANT,CAIRN,PLANET,DIGNIFIED,INTENSE,CRITICAL,CONTENDER,CANOEING OR KAYAKING
GNOME,SCYTHE,,GOOSE,,LIME,CAREGIVER,CANAL,PLANT,DIRECTED,INVISIBLE,CRUDE,COWARD,CANOPY BEDS
GOBLIN,SHIELD,,GRASSHOPPER,,OLIVE,CHAPLAIN,"CARAVAN (WAGONS)(+ MERCHANT, MILITARY, NOMADS, PILGRIMS, PRISON, REFUGEE, SETTLERS, SLAVERS)",POLLEN,DISCIPLINED,IRRELIGIOUS,CRUEL,CRAZY CAT LADY,CARD GAMES
GOG,SHORTBOW,,GRIFFIN,,TAN,RETIRED,"CASINO, GAMBLING HALL",PUZZLE,DISCREET,IRREVERENT,CYNICAL,CREEPY TWINS,CAVE EXPLORING
GOLEM,SHORTSWORD,,HARE,,BROWN,ARBORIST,CASTLE,RAIN,DRAMATIC,MATERNAL,DECADENT,CRONE,CEMETERIES
GOLIATH,SHOTGUN,,HAWK,,SILVER,MINISTER,CATACOMBS,REGAL,DUTIFUL,MELLOW,DECEITFUL,CURMUDGEON,CHALK
GORGON,SHURIKEN,,HEDGEHOG,,GREY,TRANSLATOR,CATHEDRAL,RELIC,DYNAMIC,MODERN,DELICATE,DAMSEL IN DISTRESS,CHILDREN
GORON,SICKLE,,HIPPOPOTAMUS,,SLATE GREY,WARMAGE,CAUSEWAY,RIBBON,EARNEST,MORALISTIC,DEMANDING,DAMSEL IN DISTRESS,CHOCOLATE
GREMLIN,SLING,,HORSE,,,GOLDSMITH/SILVERSMITH,"CELLAR (+ ROOT, STORM, WINE)",ROOT,EBULLIENT,MYSTICAL,DEPENDENT,DANDERE,CLASSICAL MUSIC
GRIM REAPER,SLINGSHOT,,HYENA,,,ILLUMINATOR,CEMETERY,ROOT,EDUCATED,NEUTRAL,DESPERATE,DANDY,CLAY
GRIMLOCK,SPEAR,,JACKALOPE,,,HEARTH WITCH/HEARTH WIZARD,CHAIN TOWER - TOWER USED TO RAISE OR LOWER A BOOM CHAIN (HARBOR OR RIVER CHAIN),RUINS,EFFICIENT,NONCOMMITTAL,DESTRUCTIVE,DARK JESTER,CLEANING
GRUNG,STAFF,,JELLYFISH,,,LECTOR,CHAPEL,RUNES,ELEGANT,NONCOMPETITIVE,DEVIOUS,DARK LADY,CLIMBING
HALF-ELF,STICK,,KANGAROO,,,SQUIRE,CHAPEL BRIDGE,SACRED,ELOQUENT,OBEDIENT,DIFFICULT,DARK LORD,CLOUDS
HALF-GIANT,SWORD,,KOALA,,,ALCHEMIST,CHATEAU,SAND,EMPATHETIC,OLD-FASHIONED,DIRTY,DASTARDLY WHIPLASH,CLOWNS
HALF-ORC,TRIDENT,,LADYBUG,,,STAGE MAGICIAN,CHURCH / CHAPEL / CATHEDRAL,SANDMAN,ENERGETIC,ORDINARY,DISCONCERTING,DEREDERE,CLUBBING
HALFLING,WAND,,LEOPARD,,,ARCHMAGE,CIRCLE OF STONES,SCALES,ENTHUSIASTIC,OUTSPOKEN,DISCONTENTED,DEVIL INCARNATE/ DARK LORD,CLUTTER
HARENGON,WAR PICK,,LION,,,TRAIN DRIVER,CIRCLE OF WAGONS,SCAR,ESTHETIC,PATERNALISTIC,DISCOURAGING,DEVOTEE,COFFEE
HEXBLOOD,WARHAMMER,,LIZARD,,,WHEELWRIGHT,CIRCUS,SCARF,EXCITING,PHYSICAL,DISCOURTEOUS,DIVORCED DAD,COFFEE MUGS
HOBGOBLIN,WHIP,,LOBSTER,,,MANICURIST,CISTERN,SCROLL,EXTRAORDINARY,PLACID,DISHONEST,DOPPELGÄNGER,COLD FRIES
HOBOGOBLIN,,,MOLE,,,GUARD/SENTINEL,CITADEL,SEA,FAIR,POLITICAL,DISLOYAL,DOUBLE AGENT,COLD SHOWERS
HUMAN,,,MOTH,,,CABBIE/WAGONER,CITY,SHRINE,FAITHFUL,PREDICTABLE,DISOBEDIENT,DRAGON LADY,COLLECTING
HUMANOID,,,MOUSE,,,WORDSMITH,CITY HALL,SIGIL,FARSIGHTED,PREOCCUPIED,DISORDERLY,DREAMER,COLORING
HYLIAN,,,OCEAN SUNFISH,,,MILLER,CIVIC CENTER,SIN,FELICIFIC,PRIVATE,DISORGANIZED,DRILL SERGEANT,COMEDY
IMP,,,OCTOPUS,,,PRODUCER,CLIFF DWELLINGS,SKY,FIRM,PROGRESSIVE,DISPUTATIOUS,DUMB BLONDE,COMMUNITY
IMPLING,,,OSTRICH,,,FLETCHER,CLINIC,SLEEP,FLEXIBLE,PROUD,DISRESPECTFUL,DUMB MUSCLE,COMPETITION
KALASHTAR,,,OTTER,,,RENDERER,CLOCK TOWER,SMOKE,FOCUSED,PURE,DISRUPTIVE,EASY ADAPTER,COMPLAINING
KAPPA,,,OWL,,,COWHERD,"COLLEGE (+ ALCHEMIST, ARCANE, BARDS, HEALERS, MAGES, NAVAL, OF ARTIFICERS, OF SCIENCE, ROYAL)",SNOW,FORCEFUL,QUESTIONING,DISSOLUTE,ECCENTRIC FOREIGNER,CONFIDENCE
KEATON,,,OX,,,BOTANIST,COLOSSEUM,SOUL,FORGIVING,QUIET,DISSONANT,ELDERLY MARTIAL ARTS MASTER,CONSPIRACY THEORIES
KENKU,,,PANDA,,,ALIENIST,COMMUNITY CENTER,SOUL SEWER,FORTHRIGHT,RELIGIOUS,DISTRACTIBLE,ELDERLY MASTER,COOKIE BUTTER
KIKWI,,,PANGOLINS,,,WHITTLER/WOODCARVER,CONSERVATORY (GREENHOUSE),SOUL SNAKE,FREETHINKING,RESERVED,DISTURBING,EMOTIONALLY REPRESSED,COOKING
KOBOLD,,,PARROT,,,MARSHALL,"CORRAL (CATTLE, HORSE, LIVESTOCK)",SPELL,FRIENDLY,RESTRAINED,DOGMATIC,EMPATH,COOL BREEZES
KOKIRI,,,PEACOCK,,,KITCHEN DRUDGE,COTTAGE,STAR,FUN-LOVING,RETIRING,DOMINEERING,ENABLER,COSMETOLOGY
KOROK,,,PEGASUS,,,POLICE OFFICER,COURTHOUSE,STITCH,GALLANT,SARCASTIC,DULL,ETERNAL KLUTZ,COZINESS
LEONIN,,,PELICAN,,,ASTROLOGER,CRATER LAKE,STONE,GENEROUS,SELF-CONSCIOUS,EASILY DISCOURAGED,EVERYMAN/WOMAN,CRACKED SKIN
LICHE,,,PENGUIN,,,WATCHMAKER,CREMATORIUM,STRING,GENTLE,SENSUAL,EGOCENTRIC,EVIL CLOWN,CRAFTS
LIZARDFOLK,,,PHOENIX,,,ELDER,CROFT (RENTED FARMHOUSE & LAND),STUFFED ANIMALS,GENUINE,SKEPTICAL,ENERVATED,EVIL MATRIARCH,CRICKET SOUNDS
LIZARDMEN,,,PIG,,,SAPPER,CRYPT,SUMMON,GOOD-NATURED,SMOOTH,ENVIOUS,EVIL TWIN,CRITICISM
LOCATHAH,,,PIGEON,,,SQUATTER,DAM,SUN,GRACIOUS,SOFT,ERRATIC,EXPERIMENT GONE WRONG,CROCHETING OR KNITTING
LOXODON,,,RABBIT,,,PLANTATION OWNER,DANCE STUDIO,TALISMAN,HARDWORKING,,ESCAPIST,EXPLORER,CROWDS
MAGI,,,RACCOON,,,LIFT ENGINEER,DEATH VALLEY,TAROT,HEALTHY,SOLEMN,EXCITABLE,FALL GUY,CRYPTID/GHOST HUNTING
MAGOG,,,RAT,,,TAX COLLECTOR,"DEN (+ ASSASSINS, DRUG, GAMBLING, HOOKAH, OPIUM, SMUGGLERS, THIEVES)",TATTOO,HEARTY,SOLITARY,EXPEDIENT,FALLEN/ CORRUPTER,CRYPTOZOOLOGY
MEDUSA,,,RAVEN,,,FARM WORKER,DESERT,TEARS,HELPFUL,STERN,EXTRAVAGANT,FARMER'S DAUGHTER,CRYSTALS
MERMAID,,,REINDEER,,,HEALER,"DIG SITE (FOSSILS, MINERALS, RUINS)",TOXIC,HEROIC,STOLID,EXTREME,FARMER'S WIFE,CUDDLING
MERMEN,,,ROBIN,,,CHIEF,DIKE,UMBRELLA,HIGH-MINDED,STRICT,FAITHLESS,FEMALE CLOWN,CUTESY USERNAMES
MINISH,,,SEA ANEMONE,,,PUBLISHER,"DOCK (BOAT, SHIP, AIRSHIP)",VINES,HONEST,STUBBORN,FANATICAL,FEMME FATALE,CYBERPUNK
MINOTAAR (HALF-ELF HALF-BULL),,,SEA LION,,,LIEUTENANT,DOCKYARD,VIRTUES,HONORABLE,STYLISH,FANCIFUL,FINAL GIRL,DANCE
MINOTAUR,,,SEA TURTLE,,,CABIN CREW,"DOJO, SPARRING HALL, TRAINING HALL",VOICE,HUMBLE,SUBJECTIVE,FATALISTIC,FOIL,DANCING
MOGMA,,,SEA URCHIN,,,SONG WRITER,DOME,WEAPON SHIFTER,HUMOROUS,SURPRISING,FAWNING,FOLK HERO,DANGER
MUTANT,,,SEAGULL,,,JACK THE RIPPER,"DRUG (+ DEN, LOUNGE, PARLOR)",WINER MAKER,IDEALISTIC,TOUGH,FEARFUL,FOOL,DARKNESS
NAGA,,,SEAHORSE,,,CROWN PROSECUTOR,"DUGOUT, PIT-HOUSE",ZIPPERS,IMAGINATIVE,UNAGGRESSIVE,FICKLE,FOP,DARTS
NECROMANCER,,,SEAL,,,DRUNKARD,DUNGEON,Will-o'-the-wisp,IMPRESSIVE,UNAMBITIOUS,FIERY,FRENCH MAID,DEADLINES
NYMPH,,,SHARK,,,BEEKEEPER,"EMBASSY (+ COUNTRY, RACE, REALM, WORLD)",,INCISIVE,UNCEREMONIOUS,FIXED,FRIENDLY RIVAL,DEADPAN HUMOR.
OGRE,,,SHEEP,,,SHIPWRIGHT,EMPORIUM,,INCORRUPTIBLE,UNCHANGING,FLAMBOYANT,GAY BEST FRIEND,DEBATES
ORC,,,SHELLS,,,FISHER,ESTATE,,INDEPENDENT,UNDEMANDING,FOOLISH,GEEK,DECORATING
ORCLING,,,SHRIMP,,,CARDINAL,FACTORY (ASSEMBLY LINE),,INDIVIDUALISTIC,UNFATHOMABLE,FORGETFUL,GENERIC HORROR GIRL,DIORAMAS
ORK (MORE PRIMAL ORCS),,,SNAKE,,,NINJA,FAIRGROUNDS,,INNOVATIVE,UNHURRIED,FRAUDULENT,GENERIC SLASHER,DIVING
OWLIN,,,SPARROW,,,BRICKMAKER,"FARM (ANIMAL, CROP, DAIRY, SHARE CROPPERS)",,INOFFENSIVE,UNINHIBITED,FRIGHTENING,GENIUS,DIY
PARELLA,,,SPIDER,,,BLADESMITH,FARMER'S MARKET,,INSIGHTFUL,UNPATRIOTIC,FRIVOLOUS,GENTLE GIANT,DIY REPAIR
PIXIE,,,SQUID,,,PORTER,FARMHOUSE,,INSOUCIANT,UNPREDICTABLE,GLOOMY,GENTLEMAN THIEF,DOCUMENTARIES
REBORN,,,SQUIRREL,,,COURIER,FERRY,,INTELLIGENT,UNRELIGIOUS,GRACELESS,GIFTED CHILD,DOGS
RITO,,,STARFISH,,,CHANCELLOR,FIGHTING PIT,,INTUITIVE,UNSENTIMENTAL,GRAND,GIRL NEXT DOOR,DOLLHOUSES AND DOLLHOUSE FURNITURE
ROBOT,,,STORK,,,CONSTABLE,FISHERMAN'S WHARF,,INVULNERABLE,WHIMSICAL,GREEDY,GOD/ GODDESS,DOMINOES
SATYR,,,SWALLOW,,,SHOP ASSISTANT,FLORIST,,KIND,,GRIM,GOOD GUY/TRADITIONAL HERO,DRAMA
SHADE,,,SWAN,,,CHIMNEY SWEEPER,"FLOTILLA (+ TOWN, VILLAGE, CITY)",,KNOWLEDGE,,GULLIBLE,GOOD SAMARITAN,DRAWING
SHAPESHIFTER,,,TANUKI,,,LANDOWNER,FOREST,,LEADERLY,,HATEFUL,GRANDE DAME,ESCAPE ROOMS
SHEIKAH,,,TIGER,,,DOMESTIC STAFF,FORESTER'S HOUSE,,LEISURELY,,HAUGHTY,GRIEVING WIDOW,ESSENTIAL OILS
SHIFTER,,,TOAD,,,HORSE TRAINER,FORGE,,LIBERAL,,HEDONISTIC,GROUPIE,EXPLOSIVE… ANYTHING
SIMIC HYBRID,,,TURKEY,,,ARTS / ARTISTS / ARTISTIC,"FORT, FORTRESS (+ COASTAL, ISLAND, MOUNTAIN, SEA / WOODEN, STONE, METAL)",,LOGICAL,,HESITANT,GUARDIAN GRANDPARENTS,"EXTRAVAGANT THINGS, CLOTHES, ETC."
SIREN,,,UNICORN,,,PHYSIOTHERAPIST,"FORTIFICATIONS (CHEVAL DE FRISE, MOAT, PALISADE, TOWERS, TRENCH, WALL, WOODEN STAKES)",,LOVABLE,,HIDEBOUND,GUIDE,EXTREME COLD
SKELETON,,,WALRUS,,,COMEDIAN,FUNERAL HOME,,LOYAL,,HIGH-HANDED,HAG,EXTREME HOT
SORCERER,,,WHALE,,,PAINTER,GALLERY,,LYRICAL,,HOSTILE,HALFBREED HARLOT,FACIAL HAIR
SPRITE,,,WOLF,,,DIETICIAN,"GALLOWS, GIBBET",,MAGNANIMOUS,,IGNORANT,HARD-BOILED DETECTIVE,FAIRY TALES
SUBROSIAN,,,,,,RECEPTIONIST,"GAMBLING (+ DEN, HALL, LOUNGE, PARLOR), CASINO",,MANY-SIDED,,IMITATIVE,HARD WORKER,FALCONRY
SYLPH,,,,,,JUGGLER,"GARDEN, GARDENS (+ CROP*, FLOWER, HANGING, HERB, MUSHROOM, ROCK, ROOFTOP, SCULPTURE, ZEN)",,MASCULINE (MANLY),,IMPATIENT,HARLEQUIN,FALL WEATHER
TABAXI,,,,,,FORAGER,GARRISON,,METICULOUS,,IMPRACTICAL,HARSH JUDGE,FALLING
TIEFLING,,,,,,STONEMASON,GATE HOUSE,,MATURE,,IMPRUDENT,HEDONIST,FALLING LEAVES
TOKAY,,,,,,ELECTRICIAN,"GATE, GATES",,METHODICAL,,IMPULSIVE,HERMIT,FAMILY
TORTLE,,,,,,SPECIAL FORCE SOLDIER,GHOST TOWN,,MODERATE,,INCONSIDERATE,HIMBO/BIMBO,FARMER'S MARKETS
TRITON,,,,,,HIGH PRIEST/POPE,GIANT'S CAUSEWAY,,MODEST,,INCURIOUS,HIME/OUJI DERE,FARMING
TROGLODYTE,,,,,,BROTHEL KEEPER,"GIBBET, GALLOWS",,MULTI-LEVELED,,INDECISIVE,HIPPY,FENCING/SWORD FIGHTING
TROLL,,,,,,TAROT READER,GLACIER,,NEAT,,INDULGENT,HOLMESIAN DETECTIVE,FICTION
TROW,,,,,,HELMSMAN,GRANARY,,NON AUTHORITARIAN,,INERT,HOOKER WITH A HEART OF GOLD,FIGHTING
TWILI,,,,,,SOFTWARE DEVELOPER,GRANGE - FARMHOUSE & OUTBUILDINGS,,OBJECTIVE,,INHIBITED,HOPELESS ROMANTIC,FIREPLACES
VALKYRIE,,,,,,ARTIST,"GRAVE (+ FRESH, MARKER, MASS, OPEN, SITE, STONE, VACATED, YARD)",,OBSERVANT,,INSECURE,HOTSHOT,FIREWORKS
VAMPIRE,,,,,,GANGSTER,GRAVEYARD,,OPEN,,INSENSITIVE,HOUSEWIFE,FISHING
VEDALKEN,,,,,,CLERK,GREENHOUSE,,OPTIMISTIC,,INSINCERE,IDIOT,FITTED CLOTHING
VERDAN,,,,,,MANAGEMENT CONSULTANT,"GROUNDS (+ BURIAL, FAIR, PARADE, SACRED, TOURNEY, TRAINING)",,ORDERLY,,INSULTING,IDIOT SAVANT,FLASH MOBS
WARFORGED,,,,,,GENERAL CONTRACTOR,GUARD POST,,ORGANIZED,,INTOLERANT,IDIOT TURNED HERO,FLASHING LIGHTS
WARLOCK,,,,,,SPY,"GUILD, GUILD HALL, GUILD HOUSE",,ORIGINAL,,IRASCIBLE,IMMIGRANT,FLAVORED COFFEE CREAMERS
WENDIGO,,,,,,MINER,HABERDASHERY,,PAINSTAKING,,IRRATIONAL,IMPOSTER/PRETENDER,FLIRTING
WEREWOLF,,,,,,INDEPENDENT MEANS,"HALL (+ CITY, GAMBLING, GUILD, MEAD, MEETING, MUSIC, OPERA, TOWN, TRAINING)",,PASSIONATE,,IRRESPONSIBLE,INCOMPETENT OFFICER,FLOWER PRESSING
WITCH,,,,,,BARRISTER,HARBOR,,PATIENT,,IRRITABLE,INGENUE,FLOWERS
WIZARD,,,,,,MATHEMATICIAN,"HATCHERY (ANIMAL, BEAST, MONSTER)",,PATRIOTIC,,LAZY,INNOCENT,FLYING
WIZZROBE,,,,,,HISTORIAN,HEAVEN,,PEACEFUL,,LIBIDINOUS,INNOVATOR,FOOD
WRAITH,,,,,,ASSEMBLY LINE WORKER,HEDGE MAZE,,PERCEPTIVE,,LOQUACIOUS,INVASIVE NEIGHBOR,FORAGING
YETI,,,,,,CABIN BOY/CABIN GIRL,HENGE,,PERFECTIONIST,,MALICIOUS,JADED LEAD,FORESTS
YUAN-TI PUREBLOOD,,,,,,ORATOR/SPOKESMAN,HIDEOUT,,PERSONABLE,,MANNERED,JOCK,FOSSILS
ZOMBIE,,,,,,ACOLYTE,HOLD,,PERSUASIVE,,MANNERLESS,JOKER/ JESTER,FOUL ODOR
ZORA,,,,,,CULT LEADER,HORREUM (WAREHOUSE),,PLANFUL,,MAWKISH,JOURNALIST,FRESH AIR
,,,,,,FALCONER,HOSPITAL,,PLAYFUL,,MEALY MOUTHED,KAMIDERE,FRESH LAUNDRY
,,,,,,ART THERAPIST,HOSTEL (BED & BREAKFAST),,POLISHED,,MECHANICAL,KNIGHT-ERRANT,FULFILLMENT
,,,,,,SECURITY GUARD,"HOUSE (+ BATH, BOAT, COACH, COFFEE, FARM, GUEST, GUILD, LONG, MANOR, OPERA, RITUAL, SAFE, SMOKE, SUMMER, TEA, THEATER, TURF, WINTER)",,POPULAR,,MEDDLESOME,KUUDERE,FUNERALS
,,,,,,BILLBOARD POSTER,HOVEL,,PRACTICAL,,MELANCHOLIC,LEADER,FUNGI
,,,,,,GLAZIER,"HUT, HUTS (ADOBE, CLOTH, EARTHEN, GRASS, HIDE, ICE, MUD, SNOW, STONE, STRAW, WOOD)",,PRECISE,,MERETRICIOUS,LEGACY HERO,GAMING
,,,,,,HERALD,INN,,PRINCIPLED,,MESSY,LIAR,GARDENING
,,,,,,LEAFLET DISTRIBUTOR,ISLAND,,PROFOUND,,MISERABLE,LITTLE GREEN MEN,GARDENS/TOPIARIES
,,,,,,MANAGING DIRECTOR,JAIL,,PROTEAN,,MISERLY,LIVING LEGEND,GENEALOGY
,,,,,,NAVIGATOR,JUNKYARD,,PROTECTIVE,,MISGUIDED,LOATHLY LADY,GLASS BLOWING
,,,,,,PILOT,KEEP,,PROVIDENTIAL,,MISTAKEN,LOGICIAN,GLITTER
,,,,,,BLOOD HUNTER/MONSTER HUNTER,KREMLIN,,PRUDENT,,MONEY-MINDED,LONER,GLOWSTICKS
,,,,,,PALADIN,LABYRINTH,,PURPOSEFUL,,MONSTROUS,LOOSE CANNON/CROOKED COP,GO 
,,,,,,TAXONOMIST,"LIBRARY (+ ARCANE, GREAT, ROYAL)",,PUNCTUAL,,MOODY,LOVABLE LOSER,GOSSIP
,,,,,,PARAMEDIC,LIFT (WENCH & PLATFORM),,RATIONAL,,MORBID,LOVABLE PERVERT,GREED
,,,,,,ENGINEER,LIGHTHOUSE,,REALISTIC,,MUDDLE-HEADED,LOVE INTEREST,GYMNASTICS
,,,,,,PILGRIM,"LOCK, LOCKS (WATERWAY)",,REFLECTIVE,,NAIVE,LOVERS,GYOTAKU
,,,,,,TACTICIAN,"LODGE (+ HUNTING, MASONS, MEDICINE, PORTERS, SAFARI, SECRET SOCIETY*, SWEAT, WARDENS)",,RELAXED,,NARCISSISTIC,MACHO ACTION GUY,HAIL
,,,,,,COMMUNITY WORKER,LOST CITY,,RELIABLE,,NARROW,MAD SCIENTIST,HAIR COLORING
,,,,,,CONSERVATIONIST,LUMBERYARD,,RESOURCEFUL,,NARROW-MINDED,MAGICIAN/MAGE/SHAMAN,HAIR SALONS
,,,,,,FOOTBALLER,"MAGICAL CONSTRUCT (ENERGY CONSTRUCT, GIANT LEVITATING CRYSTAL, MOVING SCULPTURE, RUNE STONES, SIGIL STONES)",,RESPECTFUL,,NATTY,MAIDEN,HAIR STYLING
,,,,,,ARRANGER,MALL,,RESPONSIBLE,,NEGATIVISTIC,MALE BUFFOON,HANG GLIDING
,,,,,,CASUAL WORKER,MANOR,,RESPONSIVE,,NEGLECTFUL,MALEWIFE,HANGNAILS
,,,,,,STUDENT,MARINA,,REVERENTIAL,,NEUROTIC,MALEWIFE,HARDWOOD/CARPET FLOORS
,,,,,,CUTPURSE,"MARKER STONE (BORDER STONE, BOUNDARY STONE)",,ROMANTIC,,NIHILISTIC,MAN ALONE,HATRED
,,,,,,TINKER,"MARKET, MARKET PLACE, MARKET SQUARE",,RUSTIC,,OBNOXIOUS,MANIC PIXIE DREAM GIRL,HATS
,,,,,,GAMBLER,MATTERHORN,,SAGE,,OBSESSIVE,MARTYR,HAUNTED HOUSES
,,,,,,CLERICAL ASSISTANT,MAUSOLEUM,,SANE,,OBVIOUS,MARY SUE,HAZING
,,,,,,THRESHER,MEAD HALL,,SCHOLARLY,,ODD,MASKED SUPERHERO,HEADACHES
,,,,,,BUSKER/STREET MUSICIAN,MEADOW,,SCRUPULOUS,,OFFHAND,MASOCHIST,HEADPHONES
,,,,,,SPEECH THERAPIST,MECCA,,SECURE,,ONE-DIMENSIONAL,MAVERICK,HEAT AND HUMIDITY
,,,,,,CORONER,MEETING HOUSE,,SELF-CRITICAL,,ONE-SIDED,MEAN POPULAR GIRL,HEIGHTS
,,,,,,ACCOUCHEUR/OBSTETRICIAN/MIDWIFE,MEMORIAL,,SELF-DEFACING,,OPINIONATED,MENTOR,HEROES
,,,,,,ENTOMOLOGIST,METEOR CRATER,,SELF-DENYING,,OPPORTUNISTIC,MESSENGER,HICCUPS
,,,,,,AUCTIONEER,MEWS (ROW OR COURTYARD OF STABLES AND CARRIAGE HOUSES WITH LIVING QUARTERS ABOVE THEM),,SELF-RELIANT,,OPPRESSED,MESSIAH,HIDING
,,,,,,GLASSWORKER,"MIDDEN (+ HEAP, MOUND, PILE)",,SELF-SUFFICIENT,,OUTRAGEOUS,MIDDLE CHILD,HIKING
,,,,,,CRIME,MILL,,SELFLESS,,OVER IMAGINATIVE,MILKMAN,HILLS
,,,,,,BAILIFF,MINARET,,SENSITIVE,,PARANOID,MILTONIC HERO,HOLIDAYS
,,,,,,STUNTMAN/STUNTWOMAN,"MINE, MINES (COAL, CRYSTAL [NORMAL, MAGIC], GEM STONE [NORMAL, MAGIC], GUANO, METAL [NORMAL, MAGIC], MINERAL [NORMAL, MAGIC], SALT, SUBSTANCE)",,SENTIMENTAL,,PASSIVE,MOMMA’S BOY,HOMEWORK
,,,,,,SEXTON,"MOAT (+ DRY, LAVA, MUD, QUICKSAND, SPIKED, TAR, WATER)",,SERAPHIC,,PEDANTIC,MONK,HOODIES
,,,,,,DELIVERY DRIVER,MONASTERY,,SERIOUS,,PERVERSE,MONSTER,HORSE RIDING
,,,,,,BAGNIO KEEPER,MONOLITH,,SEXY,,PETTY,MOTHER-IN-LAW,HOSPITALS
,,,,,,LUMBERJACK,MONUMENT,,SHARING,,PHARISAICAL,MOTHER'S BOY,HOT AIR BALLOONS
,,,,,,ENTREPRENEUR,MOSQUE,,SHREWD,,PHLEGMATIC,MOTHER/MATRIARCH,HOT BATHS
,,,,,,FORESTER,"MOUND (+ BURIAL, CEREMONIAL, MIDDEN, SHELL, TEMPLE)",,SIMPLE,,PLODDING,MYTHOLOGICAL KING,HUNTING
,,,,,,MARKSMAN/ARCHER,MUSEUM,,SKILLFUL,,POMPOUS,NAPOLEONIC VILLAIN,ICE CREAM
,,,,,,THEATER DIRECTOR,NO MAN'S LAND,,SOBER,,POSSESSIVE,NARRATOR,ICE SCULPTURES
,,,,,,MERCHANT,"NUNNERY, CONVENT",,SOCIABLE,,POWER-HUNGRY,NATURE LOVER,IMPROV
,,,,,,OSTEOPATH,NURSERY,,SOLID,,PREDATORY,NEMESIS,INCENSE
,,,,,,GROCER,OASIS,,SOPHISTICATED,,PREJUDICED,NERD,INSTANT COFFEE
,,,,,,ADVENTURER,OBELISK,,SPONTANEOUS,,PRESUMPTUOUS,NICE GUY,INTERIOR DECORATING AND DESIGN
,,,,,,ADVERTISING EXECUTIVE,OBSERVATION TOWER,,SPORTING,,PRETENTIOUS,NOBLE SAVAGE,INVENTING
,,,,,,BUILDING LABOURER,OBSERVATORY,,STABLE,,PRIM,NON-CONFORMIST,ITCHY SKIN
,,,,,,COMPOSER,OCEAN FLOOR,,STEADFAST,,PROCRASTINATING,OUT-OF-TOWNER,JAZZ MUSIC
,,,,,,HEALTH VISITOR,OPERA HALL / OPERA HOUSE,,STEADY,,PROFLIGATE,OUTCAST,JEWELRY
,,,,,,PLUMER,OPIUM DEN,,STOIC,,PROVOCATIVE,OUTLAW,JIGSAW PUZZLES
,,,,,,MARQUESS/MARCHIONESS,ORCHARD,,STRONG,,PUGNACIOUS,OVERLY PATIENT WIFE,JOURNALING
,,,,,,ZOOKEEPER,ORPHANAGE,,STUDIOUS,,PURITANICAL,PARANOID CONSPIRACY THEORIST,JUDGMENT
,,,,,,TAXI DRIVER,OUTPOST,,SUAVE,,QUIRKY,PATRIARCH,JUGGLING
,,,,,,POACHER,PADDOCK,,SUBTLE,,REACTIONARY,PEACEMAKER,JUMP ROPE
,,,,,,CEMETERY WORKER,PALACE,,SWEET,,REACTIVE,PERFECTIONIST,JUMP SCARES
,,,,,,CRAFTSPERSON,"PARADE GROUNDS, TRAINING GROUNDS",,SYMPATHETIC,,REGIMENTAL,PERPETUAL TRAVELER,JUMPING
,,,,,,PEST CONTROLLER,PARK,,SYSTEMATIC,,REGRETFUL,PETRUSHKA,KEEPING JOURNALS/DIARIES
,,,,,,DYER,"PARLOR, PARLOUR (DRUG, MASSAGE, TATTOO)",,TASTEFUL,,REPENTANT,PHILOSOPHER,KETCHUP
,,,,,,MORTICIAN,PAWNSHOP,,TEACHERLY,,REPRESSED,PIERROT,KITES
,,,,,,KNIGHT,PHARMACY,,THOROUGH,,RESENTFUL,PINNING FRIEND,KNICK-KNACKS
,,,,,,BARD,PIER,,TIDY,,RIDICULOUS,PIRATE,KNIFE THROWING
,,,,,,PURSER,"PILLAR, PILLARS",,TOLERANT,,RIGID,PREDATOR,LAKES AND LAKESHORES
,,,,,,DENTIST,PIRATE SHIP,,TRACTABLE,,RITUALISTIC,PREPPY,LANDSCAPING
,,,,,,FOLK HERO,"PIT (+ DWELLING, FIGHTING, MONSTER, PRISON, SLAVE)",,TRUSTING,,ROWDY,PREY,LARGE GROUPS
,,,,,,CAR WASH ATTENDANT,PLANTATION,,UNCOMPLAINING,,RUINED,PRINCE CHARMING,LARP
,,,,,,KIDNAPPER,PLAYGROUND,,UNDERSTANDING,,SADISTIC,PRINCE ON A WHITE HORSE,LATE NIGHTS
,,,,,,LONGSHOREMAN,PLAZZA,,UNDOGMATIC,,SANCTIMONIOUS,PRINCESSE LOINTAINE,LAUGHTER
,,,,,,SCAFFOLDER,PORT,,UNFOOLABLE,,SCHEMING,PSYCHO-BIDDY,LEARNING
,,,,,,SCHOOL CROSSING WARDEN,PRISON,,UPRIGHT,,SCORNFUL,PSYCHOPATH,LEARNING LANGUAGES
,,,,,,HEALTHCARE ASSISTANT,PUB,,URBANE,,SECRETIVE,PUPPETEER,LEATHER
,,,,,,HEAD HUNTER,PUBLIC GARDEN,,VENTURESOME,,SEDENTARY,RAGS TO RICHES,LIBRARIES
,,,,,,FERRYMAN,PUBLIC SQUARE,,VIVACIOUS,,SELF-INDULGENT,RAW RECRUIT,LIGHT BEER
,,,,,,ABBOT/ABBESS,PYRAMID,,WARM,,SELFISH,REBEL,LIGHTNING
,,,,,,CAR DEALER,PYRE (+ FUNERAL),,WELL-BRED,,SHALLOW,REDNECK,LIMA BEANS
,,,,,,SHOE REPAIRER,"QUARRY (CRYSTAL, MAGIC CRYSTAL, METAL, MINERAL, STONE, SUBSTANCE)",,WELL-READ,,SHORTSIGHTED,REDSHIRT,LIVE MUSIC
,,,,,,HOUSEWIFE/HOUSEHUSBAND,RAINFOREST,,WELL-ROUNDED,,SHY,RELUCTANT HERO,LOCK PICKING
,,,,,,SECRETARY,"RANCH (ANIMAL, MONSTER)",,WINNING,,SILLY,RELUCTANT/UNWILLING MONSTER,"LOOSE, OVERSIZED CLOTHING"
,,,,,,COMPUTER ANALYST,,,WISE,,SINGLE-MINDED,RICH WOMAN,LOUD NOISES
,,,,,,WITCHDOCTOR,ROOT CELLAR,,WITTY,,SLOPPY,RIGHTFUL HEIR,LUKEWARM BEER
,,,,,,CHANDLER,,,YOUTHFUL,,SLOW,RIGHTFUL KING,LUKEWARM COFFEE
,,,,,,LAND SURVEYOR,RUINS,,,,SLY,ROBIN HOOD,LYING
,,,,,,EXPLORER,RUNE STONE,,,,SMALL-THINKING,ROMANTIC RUNNER-UP,MAGIC
,,,,,,JAILER,SALOON,,,,SOFT HEADED,ROYAL USURPER,MAKEOVERS
,,,,,,BOOKBINDER,SANCTUARY,,,,SORDID,SAVANT,MAKEUP
,,,,,,LINGUIST,SAUNA,,,,STEELY,SCAPEGOAT,MALICE
,,,,,,RESEARCHER,SAWMILL,,,,STIFF,SCHOOLMA'AM,MANICURE
,,,,,,JEWELLERY MAKER,SCHOOL,,,,STRONG-WILLED,SCROOGE,MANNEQUINS
,,,,,,TELEPHONIST,"SCULPTURE (+ LARGE, GIANT, GARDEN, SCALE CITY MODEL)",,,,STUPID,SECRETIVE,MAP MAKING
,,,,,,PROPERTY DEVELOPER,SEA GATE,,,,SUBMISSIVE,SENEX AMANS,MARTIAL ARTS
,,,,,,ASTRONOMER,SEA WALL,,,,SUPERFICIAL,SENEX IRATUS,MASSAGES
,,,,,,REPORTER,"SEWER, SEWERS",,,,SUPERSTITIOUS,SERVANT/SLAVE,"MATH, SCIENCE, HISTORY, ETC."
,,,,,,WEAPONSMITH,SHACK,,,,SUSPICIOUS,SEXY GRANDMA,MATHEMATICS
,,,,,,TOILET ATTENDANT,SHANTY TOWN,,,,TACTLESS,SHAPESHIFTER,MAZES
,,,,,,LAP DANCER,SHELTER,,,,TASTELESS,SHREW,MEDITATION
,,,,,,ZOOLOGIST,SHIP GRAVEYARD,,,,TENSE,SICKLY,MESS
,,,,,,CAVALRYMAN/CAVALIER,SHIPWRECK,,,,THIEVISH,SIDEKICK,METALWORKING
,,,,,,TOLLKEEPER,"SHIPYARD, SHIPYARDS",,,,THOUGHTLESS,SINNEKINS,METEOROLOGY
,,,,,,MARKETING DIRECTOR,"SHRINE (DEITY, DRUIDIC, ELEMENT, POWER, ENVIRONMENT, GUARDIAN, LUCK, MAGIC, OLD ONE, OUTSIDER, SPIRIT, ETC)",,,,TIMID,SISSY,MICROSCOPY
,,,,,,AIR TRAFFIC CONTROLLER,SIEGE TOWER,,,,TRANSPARENT,SKEPTIC,MIST/FOG
,,,,,,ANTIQUE DEALER,"SITE (+ BUILDING, CAMP, CONSTRUCTION, DIG, EXCAVATION, GRAVE, RITUAL)",,,,TREACHEROUS,SLEAZY LAWYER,MIXING DRINKS
,,,,,,CHILDMINDER,SKYSCRAPER,,,,TRENDY,SLEAZY POLITICIAN,MIXOLOGY (COCKTAILS)
,,,,,,BOWYER,SLAUGHTER HOUSE,,,,TROUBLESOME,SLOW BURN,MODELING
,,,,,,RAIDER/MARAUDER,SLUMS,,,,UNAPPRECIATIVE,SOUBRETTE,MONEY
,,,,,,EXTERMINATOR,SMITHY,,,,UNCARING,SOUTHERN BELLE,MOSHING
,,,,,,FARRIER,"SPARRING HALL, DOJO, TRAINING HALL",,,,UNCHARITABLE,SPEAR CARRIER,MOUNTAINS
,,,,,,PICKPOCKET,"SQUARE (+ MARKET, PUBLIC, TOWN)",,,,UNCONVINCING,STAND-IN PARENT/ROLE MODEL,MOVIES
,,,,,,HAIR STYLIST,STABLES,,,,UNCOOPERATIVE,STAR-CROSSED LOVERS,MULTITASKING
,,,,,,FOSTER PARENT,STADIUM,,,,UNCREATIVE,STARVING ARTIST,MUSEUMS
,,,,,,BUS DRIVER,"STATUE (IDOL, LARGE, GIANT, GUARDIAN, MONUMENT)",,,,UNCRITICAL,STRAIGHT MAN,MUSHROOMS
,,,,,,BUSINESS OWNER,STOCKADE,,,,UNCTUOUS,STUDENT,MUSIC
,,,,,,FUNERAL DIRECTOR,STOCKYARD,,,,UNDISCIPLINED,STUPID MUSCLE,MYTHOLOGY
,,,,,,DRAPER,STONEHENGE,,,,UNFRIENDLY,SUPER SOLDIER,NAIL ART
,,,,,,SEER/ORACLE,"STOREHOUSE, WAREHOUSE",,,,UNGRATEFUL,SUPERFLUOUS MAN,NAPPING
,,,,,,DEAN,"STREET VENDORS ( ALCOVE, BOOTH, CART, STALL, STAND, TENT)",,,,UNHEALTHY,SUPERHERO,NATURAL DISASTERS
,,,,,,PREACHER,STRONGHOLD,,,,UNIMAGINATIVE,SUPERSOLDIER,NATURE
,,,,,,NUN,"SUNKEN (CITY, RUINS, SHIP, TEMPLE)",,,,UNIMPRESSIVE,SUPERVILLAIN,NECROMANCY
,,,,,,ROPEMAKER,SUPPLY POST,,,,UNLOVABLE,SURFER,NEEDLES
,,,,,,LOCKSMITH,SWAMP,,,,UNPOLISHED,SURPRISE GENIUS,NEW THINGS
,,,,,,MISSIONARY,SWEAT SHOP,,,,UNPRINCIPLED,SURVIVALIST,NON-FICTION
,,,,,,HOME-WORKER,TAILOR,,,,UNREALISTIC,SURVIVOR,NUMBERS
,,,,,,UNDERTAKER,TAPHOUSE (INN / TAVERN WITH LIQUOR ON TAP),,,,UNREFLECTIVE,SWASHBUCKLER,NUMEROLOGY
,,,,,,GONG FARMER,TAVERN,,,,UNRELIABLE,THRILL-SEEKER,OBSCURE TRIVIA
,,,,,,HUNTER,TEA HOUSE,,,,UNRESTRAINED,THUG,ONLINE GAMES
,,,,,,DUELIST,TEAROOM,,,,UNSELF-CRITICAL,TIGER MOM,OPEN MEADOWS
,,,,,,SPECIAL CONSTABLE,TEMPLE,,,,UNSTABLE,TOMBOY,OPEN SPACES
,,,,,,HEATING ENGINEER,"TENT CITY (+ MERCHANT, MILITARY, NOMADS, PILGRIMS, REFUGEE, SETTLERS, SQUATTERS)",,,,VACUOUS,TORTURED ARTIST,OPEN WINDOWS
,,,,,,COURTIER,TOMB,,,,VAGUE,TORTURED SUPERHERO,OPPRESSION
,,,,,,PICTURE FRAMER,TOTEM POLE,,,,VENAL,TOWN DRUNK,ORGANIZATION
,,,,,,LAPIDARY,"TOWER (+ BELL, CHAIN, CLOCK, GUARD, PEEL, SIEGE, SIGNAL, WATCH, WIZARD)",,,,VENOMOUS,TRADITIONALIST,ORIGAMI
,,,,,,POET,TOWER BRIDGE,,,,VINDICTIVE,TRAGIC HERO,PAINTBALL
,,,,,,SCRIBE,TOWN,,,,VULNERABLE,TRICKSTER,PAINTING
,,,,,,PHILOSOPHER,TOWN HALL,,,,WEAK,TRICKY SLAVE,PALEONTOLOGY
,,,,,,ART HISTORIAN,TRADE ROUTE,,,,WEAK-WILLED,TROUBLED TEENAGER,"PAPERCRAFTING (KEEPSAKE CARDS, ETC)"
,,,,,,RADIO PRESENTER,TRADING POST,,,,WELL-MEANING,TROUBLED VET,PAPERWORK
,,,,,,PEDDLER,TRAIN,,,,WILLFUL,TRUSTY SIDEKICK,PARKOUR
,,,,,,METEOROLOGIST,"TRAINING GROUNDS, PARADE GROUNDS",,,,WISHFUL,TRUTH SEEKER,PEDICURE
,,,,,,GROOM,"TRAINING HALL, DOJO, SPARRING HALL",,,,ZANY,TSUNDERE,PEEPS
,,,,,,CAREERS ADVISOR,TREE HOUSE,,,,,TURNCOAT,PHILOSOPHY
,,,,,,CANDLEMAKER,TREE TOWN,,,,,TYRANT,PHOTOGRAPHY
,,,,,,LORD,TUNNEL,,,,,UNDERLING/HENCHMAN,"PIERCINGS (EARS, NOSE, NAVEL, ETC)"
,,,,,,MINSTREL,"UNIVERSITY (+ ALCHEMIST, ARCANE, ARTIFICER’S, BARDS, HEALERS, MAGES, NAVAL, OF SCIENCE, ROYAL)",,,,,UNFORTUNATE ORPHAN,PINE CONES
,,,,,,TRADESMAN,VAULT,,,,,UNKNOWN THREAT,PIRATES
,,,,,,PROP MAKER,VILLA (LARGE COUNTRY HOUSE / ESTATE),,,,,UNLIKELY HERO,PLANES
,,,,,,CALLIGRAPHIST,VILLAGE,,,,,UNSEEN CHARACTER,PLANNING AND MAKING LISTS
,,,,,,POP STAR,VINEYARD,,,,,VICE,PLAYS / STAGE PRODUCTIONS
,,,,,,CHIMNEY SWEEP,"WAREHOUSE, STOREHOUSE",,,,,VIGILANTE,POCKET WATCHES
,,,,,,SOUL REAPER,WATCH TOWER,,,,,VILLAGE IDIOT,PODCASTS
,,,,,,MAGICIAN,WATER MILL,,,,,VILLAIN,POEMS
,,,,,,STEWARD,WATERFALL,,,,,VISIONARY,POI (PERFORMANCE ART)
,,,,,,FINANCIAL ADVISOR,"WELL (+ ARTESIAN, COVERED, DRY, HOUSE, OF MAGIC, WATER)",,,,,WANNABE HERO,POLITICS
,,,,,,DETECTIVE/INVESTIGATOR,WELL HOUSE,,,,,WARRIOR,POP MUSIC
,,,,,,ARCHAEOLOGIST,WHARF,,,,,WELL-INTENTIONED EXTREMIST,PORCELAIN DOLLS
,,,,,,EXECUTIONER,WINDMILL,,,,,WHISKEY PRIEST,POSTAGE STAMPS
,,,,,,GEOLOGIST,WINERY,,,,,WICKED STEPMOTHER,POSTCARDS
,,,,,,TRAINER,WORK CAMP,,,,,WICKED WITCH,POSTERS
,,,,,,GAMEKEEPER,"YURT (ROUND TENT COVERED IN SKINS OR FELT, USED BY NOMADS)",,,,,WIMP,POTTED PLANTS
,,,,,,CHARLATAN/CONMAN,"ZOO (MUNDANE, RARE, EXOTIC, MAGICAL, ALIEN - CREATURES)",,,,,WISE FOOL,POTTERY
,,,,,,ANAESTHETIST,,,,,,WISE MENTOR,PRAISE
,,,,,,RUGMAKER,,,,,,WISE OLD MAN,PRANKS
,,,,,,ROADLAYER/STREETLAYER,,,,,,WORKAHOLIC,PRESENTS
,,,,,,OIL RIG CREW,,,,,,YOUNGEST CHILD,PROGRAMMING
,,,,,,CURATOR,,,,,,,PSYCHOLOGY
,,,,,,FURRIER,,,,,,,PUBLIC SPEAKING
,,,,,,VETERINARIAN,,,,,,,PUNS
,,,,,,BOOKKEEPER,,,,,,,PUZZLES
,,,,,,CASHIER,,,,,,,PYROTECHNICS
,,,,,,MAGE,,,,,,,PYROTECHNICS / FIREWORKS
,,,,,,DOCTOR/PHYSICIAN,,,,,,,QUIET
,,,,,,FOWLER,,,,,,,QUILTING
,,,,,,FAIRGROUND WORKER,,,,,,,RAIN
,,,,,,SORCERER/SORCERESS,,,,,,,RECOGNITION
,,,,,,BLACKSMITH,,,,,,,REJECTION
,,,,,,EVENTS ORGANISER,,,,,,,RENAISSANCE
,,,,,,TRANSMUTER,,,,,,,REPAIRING ITEMS
,,,,,,BROADCASTER,,,,,,,REPETITION/ROUTINE
,,,,,,JEWELLER,,,,,,,RIDDLES
,,,,,,CLEANER,,,,,,,RIVERS
,,,,,,BREWER,,,,,,,ROAD TRIPS
,,,,,,PRIESTESS,,,,,,,ROBOTICS
,,,,,,STOCKBROKER,,,,,,,ROCK CLIMBING
,,,,,,CARAVANEER,,,,,,,SAILING
,,,,,,BANDIT,,,,,,,SAND CASTLES
,,,,,,COCKFIGHTER/GAME FIGHTER,,,,,,,SANDALWOOD
,,,,,,GARDENER,,,,,,,SANDCASTLES
,,,,,,DIRECTOR,,,,,,,SCARECROWS
,,,,,,LAWYER/ADVOCATE,,,,,,,SCARY MOVIES
,,,,,,ASSAYER,,,,,,,SCAVENGER HUNTS
,,,,,,SHAPESHIFTER,,,,,,,SCHOOL
,,,,,,LADY,,,,,,,SCORN
,,,,,,HATTER/MILLINER,,,,,,,SCRAPBOOKING
,,,,,,CASTELLAN,,,,,,,SCREAMING
,,,,,,COOK,,,,,,,SCULPTING
,,,,,,CONJUROR,,,,,,,SEAFOOD
,,,,,,SPYMASTER,,,,,,,SEASHELLS
,,,,,,CHEF OR COOK,,,,,,,SHARP OBJECTS
,,,,,,TRAIN CONDUCTOR,,,,,,,SHOES
,,,,,,EDITOR,,,,,,,SHOPPING
,,,,,,OPTICIAN,,,,,,,SHOWERS/BATHS
,,,,,,ART CRITIC,,,,,,,SINGING
,,,,,,ROYAL GUARD,,,,,,,SKATEBOARDING
,,,,,,RACING DRIVER,,,,,,,SKATING
,,,,,,EXORCIST,,,,,,,SKIING
,,,,,,INSTRUMENT MAKER,,,,,,,SMILES
,,,,,,BANKER,,,,,,,SMITHING
,,,,,,LIFEGUARD,,,,,,,SNAKES
,,,,,,PAWNBROKER,,,,,,,SNOBS
,,,,,,SOUL PIPER,,,,,,,SNORING
,,,,,,CULTIST,,,,,,,SNOW
,,,,,,SENATOR,,,,,,,SNOW GLOBES
,,,,,,ADMIRAL,,,,,,,SNOWBOARDING
,,,,,,INQUISITOR,,,,,,,SOAP CARVING
,,,,,,TAX INSPECTOR,,,,,,,SOAP MAKING
,,,,,,STEEPLEJACK,,,,,,,SOCIAL EVENTS
,,,,,,EQUILIBRIST,,,,,,,SPAS
,,,,,,PRIVATE INVESTIGATOR,,,,,,,SPIDERS
,,,,,,PATHOLOGIST,,,,,,,SPONTANEITY
,,,,,,PHARMACIST,,,,,,,SPORTS
,,,,,,SCOUT,,,,,,,STARRY NIGHTS
,,,,,,MAID,,,,,,,STATIONARY
,,,,,,SPORTSPERSON,,,,,,,STATUES
,,,,,,BOUNTY HUNTER,,,,,,,STEAMPUNK
,,,,,,BOTTLER,,,,,,,STONE/GRAVESTONE RUBBING
,,,,,,MESSENGER,,,,,,,STONE CRAFTING / STONE-CARVING
,,,,,,SUMMONER,,,,,,,STORM CHASING
,,,,,,CHOREOGRAPHER,,,,,,,STORYTELLING
,,,,,,PLASTERER,,,,,,,STRATEGY (IN GENERAL)
,,,,,,AIRCRAFT ENGINEER,,,,,,,STREET FAIRES
,,,,,,MARKET TRADER,,,,,,,STRONG SCENTS
,,,,,,CHOIRMASTER,,,,,,,STUFFED ANIMALS
,,,,,,PASTRY CHEF,,,,,,,STYROFOAM
,,,,,,RUNAWAY SLAVE,,,,,,,SUCCESS
,,,,,,CAREER CRIMINAL,,,,,,,SUDOKU
,,,,,,MACHINIST,,,,,,,SUN
,,,,,,GROUNDSKEEPER,,,,,,,SUNRISES OR SUNSETS
,,,,,,MONK,,,,,,,SURFING
,,,,,,GARDENER/LANDSCAPER,,,,,,,SURPRISES
,,,,,,LUTHIER,,,,,,,SWINGS
,,,,,,AUTHOR,,,,,,,TAROT
,,,,,,CREMATORIUM WORKER,,,,,,,TATTOOS
,,,,,,BANK CLERK,,,,,,,TEA
,,,,,,FLYING INSTRUCTOR,,,,,,,TEA SETS
,,,,,,PARK RANGER,,,,,,,TECHNOLOGY
,,,,,,SAGE,,,,,,,THE MOON
,,,,,,POLITICIAN,,,,,,,THE OCEAN
,,,,,,SHIP BUILDER,,,,,,,THE RISING SUN
,,,,,,ALDERMAN,,,,,,,THE STARS
,,,,,,PROSPECTOR,,,,,,,THE SUN
,,,,,,BREWERY WORKER,,,,,,,THUNDERSTORMS
,,,,,,OCEANOGRAPHER,,,,,,,"TIGHT, FITTED CLOTHING"
,,,,,,COSTUME DESIGNER,,,,,,,TOPIARIES
,,,,,,ROOFER,,,,,,,TRADITIONAL DISHES
,,,,,,BROOM MAKER,,,,,,,TRAINS
,,,,,,ILLUSIONIST,,,,,,,TRAVELING
,,,,,,HOMEOPATH,,,,,,,TREASURE HUNTING
,,,,,,ECONOMIST,,,,,,,TREES
,,,,,,TAILOR,,,,,,,TRUST-BUILDING EXERCISES
,,,,,,SERVANT,,,,,,,TULIPS
,,,,,,APOTHECARY,,,,,,,TUTORING
,,,,,,THUG,,,,,,,UGLY SWEATERS
,,,,,,TAILOR OR DRESSMAKER,,,,,,,UMBRELLAS/PARASOLS
,,,,,,STAGEHAND,,,,,,,URBAN EXPLORING
,,,,,,QUARTERMASTER,,,,,,,VIDEO GAMES
,,,,,,BOOKMAKER,,,,,,,VINTAGE STUFFS/DESIGNS
,,,,,,PARTY PLANNER,,,,,,,VINYL RECORDS
,,,,,,CARTOONIST,,,,,,,VIOLENCE
,,,,,,OPERATOR,,,,,,,VOLUNTEERING
,,,,,,ARCHBISHOP,,,,,,,WATER
,,,,,,SKALD,,,,,,,WEAPONS
,,,,,,DOORMAN,,,,,,,WESTERNS
,,,,,,FIRST MATE,,,,,,,WHINING
,,,,,,HERDER,,,,,,,WILDFLOWERS
,,,,,,SALESPERSON,,,,,,,WIND CHIMES
,,,,,,ACTOR,,,,,,,WINDOW-SHOPPING
,,,,,,SOAPER,,,,,,,WINE
,,,,,,GUARD,,,,,,,WINNING
,,,,,,THRIFT DEALER,,,,,,,WITCHCRAFT
,,,,,,INTERIOR DESIGNER,,,,,,,WOODCRAFTING
,,,,,,DEBT COLLECTOR,,,,,,,WOODWORKING
,,,,,,STREET ENTERTAINER,,,,,,,WORD PUZZLES
,,,,,,EXTORTIONER,,,,,,,WRITING
,,,,,,PSYCHIATRIST,,,,,,,YO-YOS
,,,,,,DRUG LORD,,,,,,,ZOOLOGY
,,,,,,PROSTITUTE,,,,,,,ZOOS
,,,,,,TRAFFIC WARDEN,,,,,,,
,,,,,,FASHION DESIGNER,,,,,,,
,,,,,,SPECULATOR,,,,,,,
,,,,,,CAMERA OPERATOR,,,,,,,
,,,,,,SINGER,,,,,,,
,,,,,,ROAD SWEEPER,,,,,,,
,,,,,,AFFEEROR,,,,,,,
,,,,,,PRIVATEER,,,,,,,
,,,,,,VINTNER,,,,,,,
,,,,,,ARMORER,,,,,,,
,,,,,,SMUGGLER,,,,,,,
,,,,,,LEATHERWORKER,,,,,,,
,,,,,,INVENTOR,,,,,,,
,,,,,,BOAT BUILDER,,,,,,,
,,,,,,COPYIST,,,,,,,
,,,,,,CRIME BOSS,,,,,,,
,,,,,,TRAVELER/WANDERER/VAGABOND,,,,,,,
,,,,,,MODEL,,,,,,,
,,,,,,SURGEON/CHIRURGEON,,,,,,,
,,,,,,TEMPLAR,,,,,,,
,,,,,,FLOWER ARRANGER,,,,,,,
,,,,,,NOBLE/ARISTOCRAT,,,,,,,
,,,,,,METER READER,,,,,,,
,,,,,,PUBLICAN,,,,,,,
,,,,,,CHIROPRACTOR,,,,,,,
,,,,,,CIVIL SERVANT,,,,,,,
,,,,,,HANDYMAN,,,,,,,
,,,,,,TOOLMAKER,,,,,,,
,,,,,,PRINCE/PRINCESS,,,,,,,
,,,,,,CLERGYMAN,,,,,,,
,,,,,,DISC JOCKEY,,,,,,,
,,,,,,DOCTOR,,,,,,,
,,,,,,DISGRACED NOBLE,,,,,,,
,,,,,,GLADIATOR,,,,,,,
,,,,,,COUNCILLOR,,,,,,,
,,,,,,OPTOMETRIST,,,,,,,
,,,,,,FILM DIRECTOR,,,,,,,
,,,,,,SHOPFITTER,,,,,,,
,,,,,,ROOFER/THATCHER,,,,,,,
,,,,,,PSYCHOLOGIST,,,,,,,
,,,,,,LAMPLIGHTER,,,,,,,
,,,,,,BAR STAFF,,,,,,,
,,,,,,TELEVISION PRESENTER,,,,,,,
,,,,,,BARON/BARONESS,,,,,,,
,,,,,,WRESTLER,,,,,,,
,,,,,,URCHIN,,,,,,,
,,,,,,SURVEYOR,,,,,,,
,,,,,,INTELLIGENCE OFFICER,,,,,,,
,,,,,,CUSTOMS OFFICER,,,,,,,
,,,,,,HIGHWAYMAN,,,,,,,
,,,,,,RANGER,,,,,,,
,,,,,,BOUNCER,,,,,,,
,,,,,,FORKLIFT DRIVER,,,,,,,
,,,,,,BOOKKEEPER,,,,,,,
,,,,,,CHILDRENS ENTERTAINER,,,,,,,
,,,,,,RITUALIST,,,,,,,
,,,,,,TRAPPER,,,,,,,
,,,,,,WIZARD,,,,,,,
,,,,,,BALER,,,,,,,
,,,,,,ANIMAL/MONSTER HANDLER,,,,,,,
,,,,,,POISONER,,,,,,,
,,,,,,CHARIOTEER,,,,,,,
,,,,,,ELEMENTALIST,,,,,,,
,,,,,,ARCHITECT,,,,,,,
,,,,,,BREEDER,,,,,,,
,,,,,,CHARCOAL MAKER,,,,,,,
,,,,,,CHAUFFEUR,,,,,,,
,,,,,,COMPOSER OR SONGWRITER,,,,,,,
,,,,,,ANTHROPOLOGIST,,,,,,,
,,,,,,PARK-KEEPER,,,,,,,
,,,,,,SADDLER,,,,,,,
,,,,,,CHIROPODIST,,,,,,,
,,,,,,CONSTRUCTION WORKER,,,,,,,
,,,,,,PRISON OFFICER,,,,,,,
,,,,,,PROFESSOR,,,,,,,
,,,,,,FENCE,,,,,,,
,,,,,,SHERIFF,,,,,,,
,,,,,,MEDIUM,,,,,,,
,,,,,,JESTER,,,,,,,
,,,,,,HOUSEKEEPER,,,,,,,
,,,,,,TATTOOIST,,,,,,,
,,,,,,PLAYWRIGHT,,,,,,,
,,,,,,AROMATHERAPIST,,,,,,,
,,,,,,GLASSPAINTER,,,,,,,
,,,,,,SEAMSTRESS,,,,,,,
,,,,,,EMPEROR/EMPRESS,,,,,,,
,,,,,,BANK MANAGER,,,,,,,
,,,,,,BAKER,,,,,,,
,,,,,,GRAVE DIGGER,,,,,,,
,,,,,,TYPIST,,,,,,,
,,,,,,LIMNER,,,,,,,
,,,,,,CELEBRITY,,,,,,,
,,,,,,BRICKLAYER,,,,,,,
,,,,,,HAIRDRESSER,,,,,,,
,,,,,,NOBLE,,,,,,,
,,,,,,PROBATION OFFICER,,,,,,,
,,,,,,ACTUARY,,,,,,,
,,,,,,PRISONER,,,,,,,
,,,,,,WET NURSE,,,,,,,
,,,,,,BARMAID/BARBOY,,,,,,,
,,,,,,JACK OF ALL TRADES,,,,,,,
,,,,,,MONEYCHANGER,,,,,,,
,,,,,,PROPHET,,,,,,,
,,,,,,HYPNOTHERAPIST,,,,,,,
,,,,,,WARD,,,,,,,
,,,,,,ANIMAL COLLECTOR/MONSTER COLLECTOR,,,,,,,
,,,,,,PRINTER,,,,,,,
,,,,,,ESTATE AGENT,,,,,,,
,,,,,,CABINET MAKER,,,,,,,
,,,,,,TUTOR,,,,,,,
,,,,,,ARCHIVIST,,,,,,,
,,,,,,DRIVING INSTRUCTOR,,,,,,,
,,,,,,CLOWN,,,,,,,
,,,,,,SPORTS COACH,,,,,,,
,,,,,,PIMP/MADAME,,,,,,,
,,,,,,BEGGAR/PAUPER,,,,,,,
,,,,,,FLORIST,,,,,,,
,,,,,,COBBLER,,,,,,,
,,,,,,SHOEMAKER,,,,,,,
,,,,,,FURNITURE ARTISAN,,,,,,,
,,,,,,DUNGEON DELVER,,,,,,,
,,,,,,DEACON,,,,,,,
,,,,,,SCIENTIST,,,,,,,
,,,,,,ENCHANTER/ENCHANTRESS,,,,,,,
,,,,,,PHYSICIST,,,,,,,
,,,,,,MAYOR,,,,,,,
,,,,,,KNACKER,,,,,,,
,,,,,,BODYGUARD,,,,,,,
,,,,,,COUNSELLOR,,,,,,,
,,,,,,WARDEN,,,,,,,
,,,,,,DRESSMAKER,,,,,,,
,,,,,,LORRY DRIVER,,,,,,,
,,,,,,DESERTER,,,,,,,
,,,,,,TEACHING ASSISTANT,,,,,,,
,,,,,,SIEGE ARTILLERIST,,,,,,,
,,,,,,CONTORTIONIST,,,,,,,
,,,,,,OCCUPATIONAL THERAPIST,,,,,,,
,,,,,,GRAVE KEEPER,,,,,,,
,,,,,,CARPET FITTER,,,,,,,
,,,,,,BOATMAN,,,,,,,
,,,,,,BRICK MASON / BRICKLAYER / MASON,,,,,,,
,,,,,,ARTIFICER,,,,,,,
,,,,,,CLERIC,,,,,,,
,,,,,,LOAN SHARK,,,,,,,
,,,,,,DIPLOMAT,,,,,,,
,,,,,,SEA CAPTAIN,,,,,,,
,,,,,,AGISTER,,,,,,,
,,,,,,DATA PROCESSOR,,,,,,,
,,,,,,CHILDCARE WORKER,,,,,,,
,,,,,,BIOLOGIST,,,,,,,
,,,,,,DRAKOLOGIST,,,,,,,
,,,,,,MAKEUP ARTIST,,,,,,,
,,,,,,MUSICIAN,,,,,,,
,,,,,,WATER BEARER,,,,,,,
,,,,,,TANNER,,,,,,,
,,,,,,CLAIRVOYANT,,,,,,,
,,,,,,IT CONSULTANT,,,,,,,
,,,,,,DAIRY BOY/DAIRYMAID,,,,,,,
,,,,,,THIEF,,,,,,,
,,,,,,ILLUSTRATOR,,,,,,,
,,,,,,STABLEHAND,,,,,,,
,,,,,,CHEF,,,,,,,
,,,,,,MAGISTRATE,,,,,,,
,,,,,,CUTLER,,,,,,,
,,,,,,SOLDIER/MAN,,,,,,,
,,,,,,IMMIGRATION OFFICER,,,,,,,
,,,,,,DIVER,,,,,,,
,,,,,,NANNY,,,,,,,
,,,,,,RUNECASTER,,,,,,,
,,,,,,VENDOR,,,,,,,
,,,,,,FIREFIGHTER,,,,,,,
,,,,,,EMBALMER,,,,,,,
,,,,,,PAGE,,,,,,,
,,,,,,SLAYER,,,,,,,
,,,,,,HOMEMAKER,,,,,,,
,,,,,,CARTOGRAPHER,,,,,,,
,,,,,,EVOKER,,,,,,,
,,,,,,FISHERMAN/WOMAN,,,,,,,
,,,,,,BUILDER,,,,,,,
,,,,,,NANNY/NURSEMAID,,,,,,,
,,,,,,NURSE,,,,,,,
,,,,,,SCHOOL MEALS SUPERVISOR,,,,,,,
,,,,,,SLAVE,,,,,,,
,,,,,,LITERARY AGENT,,,,,,,
,,,,,,LAUNDRY WORKER,,,,,,,
,,,,,,ACROBAT,,,,,,,
,,,,,,SHEPHERD,,,,,,,
,,,,,,JOCKEY,,,,,,,
,,,,,,ASSASSIN,,,,,,,
,,,,,,DRUG DEALER,,,,,,,
,,,,,,SCULPTOR,,,,,,,
,,,,,,CITY WATCH,,,,,,,
,,,,,,CROUPIER,,,,,,,
,,,,,,FARMER,,,,,,,
,,,,,,QUARRYMAN/QUARRYWOMAN,,,,,,,
,,,,,,ACCOUNTANT,,,,,,,
,,,,,,COMMISSAR,,,,,,,
,,,,,,ABJURER,,,,,,,
,,,,,,BUTLER,,,,,,,
,,,,,,AERIALIST/TRAPEZIST,,,,,,,
,,,,,,PATHFINDER,,,,,,,
,,,,,,CONFESSOR,,,,,,,
,,,,,,CROSSING SWEEPER,,,,,,,
,,,,,,POSTMAN OR POSTWOMAN,,,,,,,
,,,,,,POTTER,,,,,,,
,,,,,,ACUPUNCTURIST,,,,,,,
,,,,,,LAWYER,,,,,,,
,,,,,,CIRCUS WORKER,,,,,,,
,,,,,,COMPUTER PROGRAMMER,,,,,,,
,,,,,,FITNESS INSTRUCTOR,,,,,,,
,,,,,,CHEMIST,,,,,,,
,,,,,,TRAVEL AGENT,,,,,,,
,,,,,,TEACHER,,,,,,,
,,,,,,DRUID,,,,,,,
,,,,,,TUNNER,,,,,,,
,,,,,,TORTURER,,,,,,,
,,,,,,KENNEL WORKER,,,,,,,
,,,,,,SINGER/SOPRANO,,,,,,,
,,,,,,GLOVE MAKER,,,,,,,
,,,,,,APPRENTICE,,,,,,,
,,,,,,MASTER,,,,,,,
,,,,,,DENTAL HYGIENIST,,,,,,,
,,,,,,ROOM ATTENDANT,,,,,,,
,,,,,,CLOCKMAKER,,,,,,,
,,,,,,FOOD & DRINK TASTER,,,,,,,
,,,,,,SOCIAL WORKER,,,,,,,
,,,,,,LOCAL GOVT WORKER,,,,,,,
,,,,,,ALMONER,,,,,,,
,,,,,,SEAMSTRESS/TAILOR,,,,,,,
,,,,,,TALENT SCOUT,,,,,,,
,,,,,,BUTCHER,,,,,,,
,,,,,,COASTGUARD,,,,,,,
,,,,,,NECROMANCER,,,,,,,
,,,,,,SOLDIER,,,,,,,
,,,,,,LABOURER,,,,,,,
,,,,,,GAS FITTER,,,,,,,
,,,,,,GENETICIST,,,,,,,
,,,,,,TOUR GUIDE,,,,,,,
,,,,,,GARDEN DESIGNER,,,,,,,
,,,,,,COSTUMER,,,,,,,
,,,,,,ACATER,,,,,,,
,,,,,,APPRAISER,,,,,,,
,,,,,,COUNT/EARL/COUNTESS,,,,,,,
,,,,,,BUSINESS CONSULTANT,,,,,,,
,,,,,,EMBROIDERER,,,,,,,
,,,,,,ROUSTABOUT,,,,,,,
,,,,,,ATHLETE,,,,,,,
,,,,,,REFUGEE,,,,,,,
,,,,,,FUNDRAISER,,,,,,,
,,,,,,PRINT MANAGER,,,,,,,
,,,,,,INSPECTION OFFICER,,,,,,,
,,,,,,REBEL/POLITICAL DISSIDENT,,,,,,,
,,,,,,FORGER,,,,,,,
,,,,,,GUILD MASTER,,,,,,,
,,,,,,CARTER,,,,,,,
,,,,,,WEAVER,,,,,,,
,,,,,,VISCOUNT/VISCOUNTESS,,,,,,,
,,,,,,NOTARY,,,,,,,
,,,,,,BISHOP,,,,,,,
,,,,,,CRANE DRIVER,,,,,,,
,,,,,,HERMIT,,,,,,,
,,,,,,LABORATORY TECHNICIAN,,,,,,,
,,,,,,MERCENARY,,,,,,,
,,,,,,BUG CATCHER,,,,,,,
,,,,,,BOSUN,,,,,,,
,,,,,,ART DEALER,,,,,,,
,,,,,,MEDICAL STUDENT,,,,,,,
,,,,,,HORTICULTURIST,,,,,,,
,,,,,,RINGMASTER/RINGMISTRESS,,,,,,,
,,,,,,JEWELER,,,,,,,
,,,,,,BLOODLETTER,,,,,,,
,,,,,,MEDIC,,,,,,,
,,,,,,BARKEEP,,,,,,,
,,,,,,SURGEON,,,,,,,
,,,,,,FUGITIVE,,,,,,,
,,,,,,DANCER,,,,,,,
,,,,,,COMPANY DIRECTOR,,,,,,,
,,,,,,AUDITOR,,,,,,,
,,,,,,ACCOUTREMENTS/COINSMITH,,,,,,,
,,,,,,MAKEUP ARTIST,,,,,,,
,,,,,,PRIVATE TUTOR,,,,,,,
,,,,,,JUDGE,,,,,,,
,,,,,,PLUMBER,,,,,,,
,,,,,,SCHOLAR/RESEARCHER,,,,,,,
,,,,,,BIOCHEMIST,,,,,,,
,,,,,,WRITER,,,,,,,
,,,,,,MERCER,,,,,,,
,,,,,,DENTAL NURSE,,,,,,,
,,,,,,REFUSE COLLECTOR,,,,,,,
,,,,,,LIGHTHOUSE KEEPER,,,,,,,
,,,,,,EXILE,,,,,,,
,,,,,,SHAMAN,,,,,,,
,,,,,,TAXIDERMIST,,,,,,,
,,,,,,GENERAL,,,,,,,
,,,,,,GROUNDSPERSON,,,,,,,
,,,,,,ROPEWALKER,,,,,,,
,,,,,,CARETAKER,,,,,,,
,,,,,,MIDWIFE,,,,,,,
,,,,,,DRUMMER/FIFER,,,,,,,
,,,,,,TELESALES PERSON,,,,,,,
,,,,,,GRAVEDIGGER,,,,,,,
,,,,,,ADMINISTRATOR,,,,,,,
,,,,,,ASSAY MASTER,,,,,,,
,,,,,,CARPENTER,,,,,,,
,,,,,,CANTOR,,,,,,,
,,,,,,PARDONER,,,,,,,
,,,,,,LIBRARIAN,,,,,,,
,,,,,,DECORATOR,,,,,,,
,,,,,,WINDOW CLEANER,,,,,,,
,,,,,,SAILOR,,,,,,,
,,,,,,AU PAIR,,,,,,,
,,,,,,RESTORER,,,,,,,
,,,,,,WARLOCK,,,,,,,
,,,,,,MODEL MAKER,,,,,,,
,,,,,,WITCH,,,,,,,
,,,,,,RUNNER,,,,,,,
,,,,,,FACTORY WORKER,,,,,,,
,,,,,,DUKE/DUCHESS,,,,,,,
,,,,,,POSTAL DELIVERY WORKER,,,,,,,
,,,,,,JOURNALIST,,,,,,,
,,,,,,BAGGAGE HANDLER,,,,,,,
,,,,,,GRAPHIC DESIGNER,,,,,,,
,,,,,,WELDER,,,,,,,
,,,,,,MONEYLENDER,,,,,,,